what,kind,bundleId,bundleVersion,description,time
stopped,bundle,org.eclipse.jdt.ui,3.7.0.v20110531-1200,"org.eclipse.jdt.ui",1309482387234
stopped,bundle,org.eclipse.wst.dtd.ui,1.0.600.v201103171359,"org.eclipse.wst.dtd.ui",1309482387234
stopped,bundle,org.eclipse.wst.xsd.ui,1.2.404.v201105050216,"org.eclipse.wst.xsd.ui",1309482387249
stopped,bundle,org.eclipse.wst.xml.ui,1.1.200.v201105111835,"org.eclipse.wst.xml.ui",1309482387249
stopped,bundle,org.eclipse.wst.common.ui,1.1.500.v200911190730,"org.eclipse.wst.common.ui",1309482387249
stopped,bundle,org.eclipse.wst.sse.ui,1.3.0.v201105101529,"org.eclipse.wst.sse.ui",1309482387249
stopped,bundle,org.eclipse.search,3.7.0.v20110505-0800,"org.eclipse.search",1309482387249
stopped,bundle,org.eclipse.mylyn.commons.team,0.8.0.v20110608-1400,"org.eclipse.mylyn.commons.team",1309482387249
stopped,bundle,org.eclipse.mylyn.team.ui,3.6.0.v20110608-1400,"org.eclipse.mylyn.team.ui",1309482387249
stopped,bundle,org.eclipse.ui.navigator.resources,3.4.300.I20110421-1800,"org.eclipse.ui.navigator.resources",1309482387249
stopped,bundle,org.eclipse.ltk.ui.refactoring,3.6.0.v20110505-0800,"org.eclipse.ltk.ui.refactoring",1309482387249
stopped,bundle,org.eclipse.mylyn.bugzilla.ui,3.6.0.v20110608-1400,"org.eclipse.mylyn.bugzilla.ui",1309482387249
stopped,bundle,org.eclipse.mylyn.ide.ui,3.6.0.v20110608-1400,"org.eclipse.mylyn.ide.ui",1309482387249
stopped,bundle,org.eclipse.mylyn.resources.ui,3.6.0.v20110608-1400,"org.eclipse.mylyn.resources.ui",1309482387265
stopped,bundle,org.eclipse.mylyn.wikitext.tasks.ui,1.5.0.v20110608-1400,"org.eclipse.mylyn.wikitext.tasks.ui",1309482387265
stopped,bundle,org.eclipse.mylyn.context.ui,3.6.0.v20110608-1400,"org.eclipse.mylyn.context.ui",1309482387265
stopped,bundle,org.eclipse.mylyn.help.ui,3.6.0.v20110608-1400,"org.eclipse.mylyn.help.ui",1309482387265
stopped,bundle,org.eclipse.mylyn.tasks.bugs,3.6.0.v20110608-1400,"org.eclipse.mylyn.tasks.bugs",1309482387265
stopped,bundle,org.eclipse.mylyn.tasks.ui,3.6.0.v20110608-1400,"org.eclipse.mylyn.tasks.ui",1309482387265
stopped,bundle,org.eclipse.team.cvs.ui,3.3.400.I20110510-0800,"org.eclipse.team.cvs.ui",1309482387312
stopped,bundle,org.eclipse.team.ui,3.6.100.I20110525-0800,"org.eclipse.team.ui",1309482387327
stopped,bundle,org.eclipse.compare,3.5.200.I20110525-0800,"org.eclipse.compare",1309482387327
stopped,bundle,org.eclipse.ui.externaltools,3.2.0.v20110506,"org.eclipse.ui.externaltools",1309482387343
stopped,bundle,org.eclipse.debug.ui,3.7.0.v20110518,"org.eclipse.debug.ui",1309482387499
activated,perspective,org.eclipse.jdt.ui,,"org.eclipse.jdt.ui.JavaPerspective",1309482516807
started,bundle,org.eclipse.osgi,3.7.0.v20110613,"org.eclipse.osgi",1309482516807
started,bundle,org.eclipse.equinox.simpleconfigurator,1.0.200.v20110502-1955,"org.eclipse.equinox.simpleconfigurator",1309482516807
started,bundle,com.ibm.icu,4.4.2.v20110208,"com.ibm.icu",1309482516807
started,bundle,org.eclipse.core.contenttype,3.4.100.v20110423-0524,"org.eclipse.core.contenttype",1309482516807
started,bundle,org.eclipse.core.databinding.observable,1.4.0.I20110222-0800,"org.eclipse.core.databinding.observable",1309482516807
started,bundle,org.eclipse.core.expressions,3.4.300.v20110228,"org.eclipse.core.expressions",1309482516807
started,bundle,org.eclipse.core.filebuffers,3.5.200.v20110505-0800,"org.eclipse.core.filebuffers",1309482516807
started,bundle,org.eclipse.core.jobs,3.5.100.v20110404,"org.eclipse.core.jobs",1309482516807
started,bundle,org.eclipse.core.net,1.2.100.I20110511-0800,"org.eclipse.core.net",1309482516807
started,bundle,org.eclipse.core.resources,3.7.100.v20110510-0712,"org.eclipse.core.resources",1309482516807
started,bundle,org.eclipse.core.runtime,3.7.0.v20110110,"org.eclipse.core.runtime",1309482516807
started,bundle,org.eclipse.core.runtime.compatibility,3.2.100.v20100505,"org.eclipse.core.runtime.compatibility",1309482516807
started,bundle,org.eclipse.core.runtime.compatibility.auth,3.2.200.v20110110,"org.eclipse.core.runtime.compatibility.auth",1309482516807
started,bundle,org.eclipse.epp.mpc.ui,1.1.0.I20110525-0742,"org.eclipse.epp.mpc.ui",1309482516823
started,bundle,org.eclipse.epp.usagedata.gathering,1.3.1.R201106061540,"org.eclipse.epp.usagedata.gathering",1309482516823
started,bundle,org.eclipse.epp.usagedata.recording,1.3.1.R201106061540,"org.eclipse.epp.usagedata.recording",1309482516823
started,bundle,org.eclipse.equinox.app,1.3.100.v20110321,"org.eclipse.equinox.app",1309482516823
started,bundle,org.eclipse.equinox.common,3.6.0.v20110523,"org.eclipse.equinox.common",1309482516823
started,bundle,org.eclipse.equinox.ds,1.3.0.v20110502,"org.eclipse.equinox.ds",1309482516823
started,bundle,org.eclipse.equinox.event,1.2.100.v20110502,"org.eclipse.equinox.event",1309482516823
started,bundle,org.eclipse.equinox.p2.core,2.1.0.v20110502-1955,"org.eclipse.equinox.p2.core",1309482516823
started,bundle,org.eclipse.equinox.p2.directorywatcher,1.0.300.v20110502-1955,"org.eclipse.equinox.p2.directorywatcher",1309482516823
started,bundle,org.eclipse.equinox.p2.engine,2.1.0.v20110511,"org.eclipse.equinox.p2.engine",1309482516838
started,bundle,org.eclipse.equinox.p2.metadata,2.1.0.v20110510,"org.eclipse.equinox.p2.metadata",1309482516838
started,bundle,org.eclipse.equinox.p2.metadata.repository,1.2.0.v20110511-1359,"org.eclipse.equinox.p2.metadata.repository",1309482516838
started,bundle,org.eclipse.equinox.p2.operations,2.1.0.v20110511-1821,"org.eclipse.equinox.p2.operations",1309482516838
started,bundle,org.eclipse.equinox.p2.reconciler.dropins,1.1.100.v20110510,"org.eclipse.equinox.p2.reconciler.dropins",1309482516838
started,bundle,org.eclipse.equinox.p2.repository,2.1.0.v20110601,"org.eclipse.equinox.p2.repository",1309482516838
started,bundle,org.eclipse.equinox.p2.ui.sdk.scheduler,1.0.100.v20110502-1955,"org.eclipse.equinox.p2.ui.sdk.scheduler",1309482516838
started,bundle,org.eclipse.equinox.p2.updatechecker,1.1.200.v20110502-1955,"org.eclipse.equinox.p2.updatechecker",1309482516838
started,bundle,org.eclipse.equinox.preferences,3.4.0.v20110502,"org.eclipse.equinox.preferences",1309482516838
started,bundle,org.eclipse.equinox.registry,3.5.100.v20110502,"org.eclipse.equinox.registry",1309482516838
started,bundle,org.eclipse.equinox.security,1.1.0.v20110502,"org.eclipse.equinox.security",1309482516838
started,bundle,org.eclipse.equinox.util,1.0.300.v20110502,"org.eclipse.equinox.util",1309482516854
started,bundle,org.eclipse.help,3.5.100.v20110426,"org.eclipse.help",1309482516854
started,bundle,org.eclipse.jdt.core,3.7.0.v_B61,"org.eclipse.jdt.core",1309482516854
started,bundle,org.eclipse.jdt.core.manipulation,1.4.0.v20110505-0800,"org.eclipse.jdt.core.manipulation",1309482516854
started,bundle,org.eclipse.jdt.ui,3.7.0.v20110531-1200,"org.eclipse.jdt.ui",1309482516854
started,bundle,org.eclipse.jface,3.7.0.I20110522-1430,"org.eclipse.jface",1309482516854
started,bundle,org.eclipse.jsch.core,1.1.300.I20110514-0800,"org.eclipse.jsch.core",1309482516854
started,bundle,org.eclipse.m2e.logback.configuration,1.0.0.20110607-2117,"org.eclipse.m2e.logback.configuration",1309482516854
started,bundle,org.eclipse.mylyn.bugzilla.core,3.6.0.v20110608-1400,"org.eclipse.mylyn.bugzilla.core",1309482516854
started,bundle,org.eclipse.mylyn.bugzilla.ui,3.6.0.v20110608-1400,"org.eclipse.mylyn.bugzilla.ui",1309482516854
started,bundle,org.eclipse.mylyn.commons.identity,0.8.0.v20110608-1400,"org.eclipse.mylyn.commons.identity",1309482516854
started,bundle,org.eclipse.mylyn.commons.net,3.6.0.v20110608-1400,"org.eclipse.mylyn.commons.net",1309482516854
started,bundle,org.eclipse.mylyn.commons.ui,3.6.0.v20110608-1400,"org.eclipse.mylyn.commons.ui",1309482516870
started,bundle,org.eclipse.mylyn.context.core,3.6.0.v20110608-1400,"org.eclipse.mylyn.context.core",1309482516870
started,bundle,org.eclipse.mylyn.context.ui,3.6.0.v20110608-1400,"org.eclipse.mylyn.context.ui",1309482516870
started,bundle,org.eclipse.mylyn.monitor.ui,3.6.0.v20110608-1400,"org.eclipse.mylyn.monitor.ui",1309482516870
started,bundle,org.eclipse.mylyn.tasks.ui,3.6.0.v20110608-1400,"org.eclipse.mylyn.tasks.ui",1309482516870
started,bundle,org.eclipse.mylyn.team.ui,3.6.0.v20110608-1400,"org.eclipse.mylyn.team.ui",1309482516870
started,bundle,org.eclipse.search,3.7.0.v20110505-0800,"org.eclipse.search",1309482516870
started,bundle,org.eclipse.team.core,3.6.0.I20110525-0800,"org.eclipse.team.core",1309482516870
started,bundle,org.eclipse.team.cvs.core,3.3.400.I20110510-0800,"org.eclipse.team.cvs.core",1309482516870
started,bundle,org.eclipse.team.cvs.ui,3.3.400.I20110510-0800,"org.eclipse.team.cvs.ui",1309482516870
started,bundle,org.eclipse.team.ui,3.6.100.I20110525-0800,"org.eclipse.team.ui",1309482516870
started,bundle,org.eclipse.ui,3.7.0.I20110602-0100,"org.eclipse.ui",1309482516870
started,bundle,org.eclipse.ui.console,3.5.100.v20110511,"org.eclipse.ui.console",1309482516870
started,bundle,org.eclipse.ui.editors,3.7.0.v20110517-0800,"org.eclipse.ui.editors",1309482516885
started,bundle,org.eclipse.ui.forms,3.5.100.v20110425,"org.eclipse.ui.forms",1309482516885
started,bundle,org.eclipse.ui.ide,3.7.0.I20110519-0100,"org.eclipse.ui.ide",1309482516885
started,bundle,org.eclipse.ui.intro,3.4.100.v20110425,"org.eclipse.ui.intro",1309482516885
started,bundle,org.eclipse.ui.intro.universal,3.2.500.v20110510,"org.eclipse.ui.intro.universal",1309482516885
started,bundle,org.eclipse.ui.net,1.2.100.I20110511-0800,"org.eclipse.ui.net",1309482516885
started,bundle,org.eclipse.ui.views,3.6.0.I20110412-0800,"org.eclipse.ui.views",1309482516885
started,bundle,org.eclipse.ui.workbench,3.7.0.I20110519-0100,"org.eclipse.ui.workbench",1309482516885
started,bundle,org.eclipse.ui.workbench.texteditor,3.7.0.v20110505-0800,"org.eclipse.ui.workbench.texteditor",1309482516885
started,bundle,org.eclipse.update.configurator,3.3.100.v20100512,"org.eclipse.update.configurator",1309482516885
started,bundle,org.eclipse.update.core,3.2.500.v20110330,"org.eclipse.update.core",1309482516901
started,bundle,org.eclipse.update.scheduler,3.2.300.v20100512,"org.eclipse.update.scheduler",1309482516901
started,bundle,org.eclipse.wb.discovery.core,1.0.0.r37x201106081733,"org.eclipse.wb.discovery.core",1309482516901
os,sysinfo,,,"win32",1309482516901
arch,sysinfo,,,"x86_64",1309482516901
ws,sysinfo,,,"win32",1309482516901
locale,sysinfo,,,"en_US",1309482516901
processors,sysinfo,,,"2",1309482516901
java.runtime.name,sysinfo,,,"Java(TM) SE Runtime Environment",1309482516901
java.runtime.version,sysinfo,,,"1.6.0_26-b03",1309482516901
java.specification.name,sysinfo,,,"Java Platform API Specification",1309482516901
java.specification.vendor,sysinfo,,,"Sun Microsystems Inc.",1309482516901
java.specification.version,sysinfo,,,"1.6",1309482516901
java.vendor,sysinfo,,,"Sun Microsystems Inc.",1309482516901
java.version,sysinfo,,,"1.6.0_26",1309482516901
java.vm.info,sysinfo,,,"mixed mode",1309482516901
java.vm.name,sysinfo,,,"Java HotSpot(TM) 64-Bit Server VM",1309482516901
java.vm.specification.name,sysinfo,,,"Java Virtual Machine Specification",1309482516901
java.vm.specification.vendor,sysinfo,,,"Sun Microsystems Inc.",1309482516901
java.vm.specification.version,sysinfo,,,"1.0",1309482516901
java.vm.vendor,sysinfo,,,"Sun Microsystems Inc.",1309482516901
java.vm.version,sysinfo,,,"20.1-b02",1309482516901
started,bundle,org.eclipse.m2e.usagedata,1.0.0.20110607-2117,"org.eclipse.m2e.usagedata",1309482516916
started,bundle,org.eclipse.wb.discovery.ui,1.0.0.r37x201106081733,"org.eclipse.wb.discovery.ui",1309482517197
deactivated,workbench,org.eclipse.ui.workbench,3.7.0.I20110519-0100,"",1309482547680
activated,workbench,org.eclipse.ui.workbench,3.7.0.I20110519-0100,"",1309482637845
started,bundle,org.eclipse.equinox.p2.ui.sdk,1.0.200.v20110502-1955,"org.eclipse.equinox.p2.ui.sdk",1309482644740
started,bundle,org.eclipse.equinox.p2.ui,2.1.0.v20110601,"org.eclipse.equinox.p2.ui",1309482644756
started,bundle,org.eclipse.equinox.p2.transport.ecf,1.0.0.v20110510,"org.eclipse.equinox.p2.transport.ecf",1309482645364
started,bundle,org.eclipse.ecf.filetransfer,5.0.0.v20110531-2218,"org.eclipse.ecf.filetransfer",1309482645427
started,bundle,org.eclipse.ecf.identity,3.1.100.v20110531-2218,"org.eclipse.ecf.identity",1309482645551
started,bundle,org.eclipse.ecf,3.1.300.v20110531-2218,"org.eclipse.ecf",1309482645661
started,bundle,org.eclipse.ecf.provider.filetransfer.httpclient,4.0.0.v20110531-2218,"org.eclipse.ecf.provider.filetransfer.httpclient",1309482645770
started,bundle,org.eclipse.ecf.provider.filetransfer,3.2.0.v20110531-2218,"org.eclipse.ecf.provider.filetransfer",1309482645785
deactivated,workbench,org.eclipse.ui.workbench,3.7.0.I20110519-0100,"",1309482646035
started,bundle,org.eclipse.equinox.p2.updatesite,1.0.300.v20110510,"org.eclipse.equinox.p2.updatesite",1309482661510
started,bundle,org.eclipse.equinox.p2.publisher,1.2.0.v20110511,"org.eclipse.equinox.p2.publisher",1309482661541
started,bundle,org.eclipse.equinox.p2.publisher.eclipse,1.0.0.v20110511,"org.eclipse.equinox.p2.publisher.eclipse",1309482663772
executed,command,org.eclipse.ui,3.7.0.I20110602-0100,"org.eclipse.ui.edit.paste",1309482664365
started,bundle,org.eclipse.equinox.p2.artifact.repository,1.1.100.v20110519,"org.eclipse.equinox.p2.artifact.repository",1309482668717
started,bundle,org.eclipse.equinox.p2.director,2.1.0.v20110504-1715,"org.eclipse.equinox.p2.director",1309482788323
started,bundle,org.eclipse.equinox.p2.garbagecollector,1.0.200.v20110510,"org.eclipse.equinox.p2.garbagecollector",1309482795187
started,bundle,org.eclipse.equinox.p2.extensionlocation,1.2.100.v20110510,"org.eclipse.equinox.p2.extensionlocation",1309482795218
started,bundle,org.eclipse.equinox.p2.touchpoint.eclipse,2.1.0.v20110511,"org.eclipse.equinox.p2.touchpoint.eclipse",1309482795265
started,bundle,org.eclipse.equinox.frameworkadmin,2.0.0.v20110502-1955,"org.eclipse.equinox.frameworkadmin",1309482798837
started,bundle,org.eclipse.equinox.simpleconfigurator.manipulator,2.0.0.v20110502-1955,"org.eclipse.equinox.simpleconfigurator.manipulator",1309482798884
activated,workbench,org.eclipse.ui.workbench,3.7.0.I20110519-0100,"",1309482888412
executed,command,org.eclipse.equinox.p2.ui.sdk,1.0.200.v20110502-1955,"org.eclipse.equinox.p2.ui.sdk.install",1309482888443
deactivated,workbench,org.eclipse.ui.workbench,3.7.0.I20110519-0100,"",1309482888771
activated,workbench,org.eclipse.ui.workbench,3.7.0.I20110519-0100,"",1309482935836
started,bundle,org.eclipse.equinox.frameworkadmin.equinox,1.0.300.v20110506,"org.eclipse.equinox.frameworkadmin.equinox",1309482935899
deactivated,workbench,org.eclipse.ui.workbench,3.7.0.I20110519-0100,"",1309482941047
activated,workbench,org.eclipse.ui.workbench,3.7.0.I20110519-0100,"",1309482942685
closed,workbench,org.eclipse.ui.workbench,3.7.0.I20110519-0100,"",1309482942841
started,bundle,org.eclipse.core.filesystem,1.3.100.v20110423-0524,"org.eclipse.core.filesystem",1309482943028
started,bundle,org.eclipse.compare.core,3.5.200.I20110208-0800,"org.eclipse.compare.core",1309482943137
started,bundle,org.eclipse.compare,3.5.200.I20110525-0800,"org.eclipse.compare",1309482943153
stopped,bundle,org.eclipse.m2e.logback.configuration,1.0.0.20110607-2117,"org.eclipse.m2e.logback.configuration",1309482943324
stopped,bundle,org.eclipse.m2e.discovery,1.0.0.20110607-2117,"org.eclipse.m2e.discovery",1309482943324
stopped,bundle,org.eclipse.m2e.refactoring,1.0.0.20110607-2117,"org.eclipse.m2e.refactoring",1309482943340
stopped,bundle,org.eclipse.m2e.editor,1.0.0.20110607-2117,"org.eclipse.m2e.editor",1309482943340
stopped,bundle,org.eclipse.m2e.editor.xml,1.0.0.20110607-2117,"org.eclipse.m2e.editor.xml",1309482943340
stopped,bundle,org.eclipse.m2e.jdt,1.0.0.20110607-2117,"org.eclipse.m2e.jdt",1309482943340
stopped,bundle,org.eclipse.m2e.launching,1.0.0.20110607-2117,"org.eclipse.m2e.launching",1309482943340
stopped,bundle,org.eclipse.m2e.usagedata,1.0.0.20110607-2117,"org.eclipse.m2e.usagedata",1309482943340
stopped,bundle,com.android.ide.eclipse.adt,11.0.0.v201105251008-128486,"com.android.ide.eclipse.adt",1309482943340
stopped,bundle,org.eclipse.ui.cheatsheets,3.4.100.v20110425,"org.eclipse.ui.cheatsheets",1309482943340
stopped,bundle,org.eclipse.help.ui,3.5.100.v20110425,"org.eclipse.help.ui",1309482943340
stopped,bundle,org.eclipse.help.webapp,3.6.0.v20110518,"org.eclipse.help.webapp",1309482943355
stopped,bundle,org.eclipse.epp.mpc.ui,1.1.0.I20110525-0742,"org.eclipse.epp.mpc.ui",1309482943355
stopped,bundle,org.eclipse.epp.usagedata.ui,1.3.1.R201106061540,"org.eclipse.epp.usagedata.ui",1309482943355
stopped,bundle,org.eclipse.ui.intro.universal,3.2.500.v20110510,"org.eclipse.ui.intro.universal",1309482943355
stopped,bundle,org.eclipse.ui.intro,3.4.100.v20110425,"org.eclipse.ui.intro",1309482943355
stopped,bundle,org.eclipse.help.base,3.6.0.v201106131736,"org.eclipse.help.base",1309482943355
stopped,bundle,org.eclipse.equinox.http.jetty,2.0.100.v20110502,"org.eclipse.equinox.http.jetty",1309482943355
stopped,bundle,org.eclipse.m2e.core.ui,1.0.0.20110607-2117,"org.eclipse.m2e.core.ui",1309482943355
stopped,bundle,org.eclipse.m2e.core,1.0.0.20110607-2117,"org.eclipse.m2e.core",1309482943355
stopped,bundle,org.eclipse.mylyn.ide.ant,3.6.0.v20110608-1400,"org.eclipse.mylyn.ide.ant",1309482943355
stopped,bundle,org.eclipse.ant.ui,3.5.100.v20110510,"org.eclipse.ant.ui",1309482943355
stopped,bundle,org.eclipse.ant.launching,1.0.100.v20110506,"org.eclipse.ant.launching",1309482943355
stopped,bundle,org.eclipse.compare.win32,1.0.200.I20110510-0800,"org.eclipse.compare.win32",1309482943355
stopped,bundle,org.eclipse.equinox.p2.ui.sdk,1.0.200.v20110502-1955,"org.eclipse.equinox.p2.ui.sdk",1309482943355
stopped,bundle,org.eclipse.mylyn.java.tasks,3.6.0.v20110608-1400,"org.eclipse.mylyn.java.tasks",1309482943371
stopped,bundle,org.eclipse.mylyn.java.ui,3.6.0.v20110608-1400,"org.eclipse.mylyn.java.ui",1309482943371
stopped,bundle,org.eclipse.jdt.junit,3.7.0.v20110505-0800,"org.eclipse.jdt.junit",1309482943371
stopped,bundle,org.eclipse.jdt.apt.ui,3.3.300.v20110305-1450,"org.eclipse.jdt.apt.ui",1309482943371
stopped,bundle,org.eclipse.jdt.debug.ui,3.6.0.v20110512,"org.eclipse.jdt.debug.ui",1309482943371
stopped,bundle,org.eclipse.wb.swing.databinding,1.0.0.r37x201106081552,"org.eclipse.wb.swing.databinding",1309482943371
stopped,bundle,org.eclipse.wb.core.databinding,1.0.0.r37x201106081531,"org.eclipse.wb.core.databinding",1309482943371
stopped,bundle,org.eclipse.wb.swing.FormLayout,1.0.0.r37x201106081552,"org.eclipse.wb.swing.FormLayout",1309482943371
stopped,bundle,org.eclipse.wb.swing.MigLayout,1.0.0.r37x201106081552,"org.eclipse.wb.swing.MigLayout",1309482943387
stopped,bundle,org.eclipse.wb.swing.java6,1.0.0.r37x201106081552,"org.eclipse.wb.swing.java6",1309482943387
stopped,bundle,org.eclipse.wb.swing.jsr296,1.0.0.r37x201106081552,"org.eclipse.wb.swing.jsr296",1309482943387
stopped,bundle,org.eclipse.wb.swing,1.0.0.r37x201106081552,"org.eclipse.wb.swing",1309482943387
stopped,bundle,org.eclipse.wb.core.ui,1.0.0.r37x201106081733,"org.eclipse.wb.core.ui",1309482943387
stopped,bundle,org.eclipse.wb.layout.group,1.0.0.r37x201106081642,"org.eclipse.wb.layout.group",1309482943387
stopped,bundle,org.eclipse.wb.os.win32,1.0.0.r37x201106081531,"org.eclipse.wb.os.win32",1309482943387
stopped,bundle,org.eclipse.wb.core,1.0.0.r37x201106081531,"org.eclipse.wb.core",1309482943387
stopped,bundle,com.android.ide.eclipse.traceview,11.0.0.v201105251008-128486,"com.android.ide.eclipse.traceview",1309482943387
stopped,bundle,org.eclipse.jdt.ui,3.7.0.v20110531-1200,"org.eclipse.jdt.ui",1309482943418
stopped,bundle,org.eclipse.wst.dtd.ui,1.0.600.v201103171359,"org.eclipse.wst.dtd.ui",1309482943433
stopped,bundle,org.eclipse.wst.xsd.ui,1.2.404.v201105050216,"org.eclipse.wst.xsd.ui",1309482943433
stopped,bundle,org.eclipse.wst.xml.ui,1.1.200.v201105111835,"org.eclipse.wst.xml.ui",1309482943433
stopped,bundle,org.eclipse.wst.common.ui,1.1.500.v200911190730,"org.eclipse.wst.common.ui",1309482943433
stopped,bundle,org.eclipse.wst.sse.ui,1.3.0.v201105101529,"org.eclipse.wst.sse.ui",1309482943433
stopped,bundle,org.eclipse.search,3.7.0.v20110505-0800,"org.eclipse.search",1309482943449
stopped,bundle,org.eclipse.mylyn.commons.team,0.8.0.v20110608-1400,"org.eclipse.mylyn.commons.team",1309482943449
stopped,bundle,org.eclipse.mylyn.team.ui,3.6.0.v20110608-1400,"org.eclipse.mylyn.team.ui",1309482943449
stopped,bundle,org.eclipse.ui.navigator.resources,3.4.300.I20110421-1800,"org.eclipse.ui.navigator.resources",1309482943449
stopped,bundle,org.eclipse.ltk.ui.refactoring,3.6.0.v20110505-0800,"org.eclipse.ltk.ui.refactoring",1309482943465
stopped,bundle,org.eclipse.mylyn.bugzilla.ui,3.6.0.v20110608-1400,"org.eclipse.mylyn.bugzilla.ui",1309482943465
stopped,bundle,org.eclipse.mylyn.ide.ui,3.6.0.v20110608-1400,"org.eclipse.mylyn.ide.ui",1309482943465
stopped,bundle,org.eclipse.mylyn.resources.ui,3.6.0.v20110608-1400,"org.eclipse.mylyn.resources.ui",1309482943465
stopped,bundle,org.eclipse.mylyn.wikitext.tasks.ui,1.5.0.v20110608-1400,"org.eclipse.mylyn.wikitext.tasks.ui",1309482943465
stopped,bundle,org.eclipse.mylyn.context.ui,3.6.0.v20110608-1400,"org.eclipse.mylyn.context.ui",1309482943465
stopped,bundle,org.eclipse.mylyn.help.ui,3.6.0.v20110608-1400,"org.eclipse.mylyn.help.ui",1309482943465
stopped,bundle,org.eclipse.mylyn.tasks.bugs,3.6.0.v20110608-1400,"org.eclipse.mylyn.tasks.bugs",1309482943465
stopped,bundle,org.eclipse.mylyn.tasks.ui,3.6.0.v20110608-1400,"org.eclipse.mylyn.tasks.ui",1309482943465
stopped,bundle,org.eclipse.team.cvs.ui,3.3.400.I20110510-0800,"org.eclipse.team.cvs.ui",1309482943465
stopped,bundle,org.eclipse.team.ui,3.6.100.I20110525-0800,"org.eclipse.team.ui",1309482943465
stopped,bundle,org.eclipse.compare,3.5.200.I20110525-0800,"org.eclipse.compare",1309482943465
stopped,bundle,org.eclipse.ui.externaltools,3.2.0.v20110506,"org.eclipse.ui.externaltools",1309482943465
stopped,bundle,org.eclipse.debug.ui,3.7.0.v20110518,"org.eclipse.debug.ui",1309482943465
stopped,bundle,org.eclipse.mylyn.wikitext.ui,1.5.0.v20110608-1400,"org.eclipse.mylyn.wikitext.ui",1309482943480
stopped,bundle,com.android.ide.eclipse.hierarchyviewer,11.0.0.v201105251008-128486,"com.android.ide.eclipse.hierarchyviewer",1309482943480
stopped,bundle,com.android.ide.eclipse.ddms,11.0.0.v201105251008-128486,"com.android.ide.eclipse.ddms",1309482943480
stopped,bundle,org.eclipse.ui.console,3.5.100.v20110511,"org.eclipse.ui.console",1309482943480
stopped,bundle,org.eclipse.mylyn.commons.ui,3.6.0.v20110608-1400,"org.eclipse.mylyn.commons.ui",1309482943480
stopped,bundle,org.eclipse.ui.editors,3.7.0.v20110517-0800,"org.eclipse.ui.editors",1309482943480
stopped,bundle,org.eclipse.wst.common.snippets,1.2.100.v201103281740,"org.eclipse.wst.common.snippets",1309482943480
stopped,bundle,org.eclipse.ui.workbench.texteditor,3.7.0.v20110505-0800,"org.eclipse.ui.workbench.texteditor",1309482943480
stopped,bundle,org.eclipse.compare.core,3.5.200.I20110208-0800,"org.eclipse.compare.core",1309482943480
stopped,bundle,org.eclipse.emf.edit.ui,2.7.0.v20110606-0949,"org.eclipse.emf.edit.ui",1309482943480
stopped,bundle,org.eclipse.gef,3.7.0.v20110407-2050,"org.eclipse.gef",1309482943480
stopped,bundle,org.eclipse.emf.common.ui,2.7.0.v20110606-0949,"org.eclipse.emf.common.ui",1309482943480
activated,perspective,org.eclipse.jdt.ui,,"org.eclipse.jdt.ui.JavaPerspective",1309482962949
started,bundle,org.eclipse.osgi,3.7.0.v20110613,"org.eclipse.osgi",1309482962949
started,bundle,org.eclipse.equinox.simpleconfigurator,1.0.200.v20110502-1955,"org.eclipse.equinox.simpleconfigurator",1309482962949
started,bundle,com.ibm.icu,4.4.2.v20110208,"com.ibm.icu",1309482962949
started,bundle,org.eclipse.core.contenttype,3.4.100.v20110423-0524,"org.eclipse.core.contenttype",1309482962949
started,bundle,org.eclipse.core.databinding.observable,1.4.0.I20110222-0800,"org.eclipse.core.databinding.observable",1309482962965
started,bundle,org.eclipse.core.expressions,3.4.300.v20110228,"org.eclipse.core.expressions",1309482962965
started,bundle,org.eclipse.core.filebuffers,3.5.200.v20110505-0800,"org.eclipse.core.filebuffers",1309482962965
started,bundle,org.eclipse.core.jobs,3.5.100.v20110404,"org.eclipse.core.jobs",1309482962965
started,bundle,org.eclipse.core.net,1.2.100.I20110511-0800,"org.eclipse.core.net",1309482962965
started,bundle,org.eclipse.core.resources,3.7.100.v20110510-0712,"org.eclipse.core.resources",1309482962965
started,bundle,org.eclipse.core.runtime,3.7.0.v20110110,"org.eclipse.core.runtime",1309482962965
started,bundle,org.eclipse.core.runtime.compatibility,3.2.100.v20100505,"org.eclipse.core.runtime.compatibility",1309482962965
started,bundle,org.eclipse.core.runtime.compatibility.auth,3.2.200.v20110110,"org.eclipse.core.runtime.compatibility.auth",1309482962965
started,bundle,org.eclipse.epp.mpc.ui,1.1.0.I20110525-0742,"org.eclipse.epp.mpc.ui",1309482962965
started,bundle,org.eclipse.epp.usagedata.gathering,1.3.1.R201106061540,"org.eclipse.epp.usagedata.gathering",1309482962965
started,bundle,org.eclipse.epp.usagedata.recording,1.3.1.R201106061540,"org.eclipse.epp.usagedata.recording",1309482962965
started,bundle,org.eclipse.equinox.app,1.3.100.v20110321,"org.eclipse.equinox.app",1309482962965
started,bundle,org.eclipse.equinox.common,3.6.0.v20110523,"org.eclipse.equinox.common",1309482962965
started,bundle,org.eclipse.equinox.ds,1.3.0.v20110502,"org.eclipse.equinox.ds",1309482962965
started,bundle,org.eclipse.equinox.event,1.2.100.v20110502,"org.eclipse.equinox.event",1309482962965
started,bundle,org.eclipse.equinox.p2.artifact.repository,1.1.100.v20110519,"org.eclipse.equinox.p2.artifact.repository",1309482962965
started,bundle,org.eclipse.equinox.p2.core,2.1.0.v20110502-1955,"org.eclipse.equinox.p2.core",1309482962965
started,bundle,org.eclipse.equinox.p2.director,2.1.0.v20110504-1715,"org.eclipse.equinox.p2.director",1309482962965
started,bundle,org.eclipse.equinox.p2.directorywatcher,1.0.300.v20110502-1955,"org.eclipse.equinox.p2.directorywatcher",1309482962965
